{"schemaVersion":"1.0","appDefinitionTemplate":{"id":"/providers/Microsoft.PowerApps/apps/","type":"Microsoft.PowerApps/apps","tags":{"primaryDeviceWidth":"1366","primaryDeviceHeight":"768","supportsPortrait":"true","supportsLandscape":"true","primaryFormFactor":"Tablet","publisherVersion":"3.23011.19","minimumRequiredApiVersion":"2.2.0","hasComponent":"false","hasUnlockedComponent":"false","isUnifiedRootApp":"false","sienaVersion":"20230118T193606Z-3.23011.19.0"},"properties":{"appVersion":"2023-01-18T19:36:06Z","lifeCycleId":"Published","createdByClientVersion":{"major":3,"minor":23011,"build":19,"revision":0,"majorRevision":0,"minorRevision":0},"minClientVersion":{"major":3,"minor":23011,"build":19,"revision":0,"majorRevision":0,"minorRevision":0},"backgroundColor":"RGBA(0,176,240,1)","backgroundImageUri":"/10010117465510357564/N8fa2bd52-ae94-461d-9cda-3f3af1671de5-logoSmallFile","displayName":"UploadFileUsingGraphAPI","description":"","commitMessage":"","appUris":{"documentUri":{"value":"/10010117465510357564/N9a1a7244-09cf-4558-ace2-57650f1145d2-document.msapp"},"imageUris":[],"additionalUris":[]},"createdTime":"0001-01-01T00:00:00Z","lastModifiedTime":"0001-01-01T00:00:00Z","sharedGroupsCount":0,"sharedUsersCount":0,"connectionReferences":{"35cd5979-8a52-415c-9ba9-87f5794c9b57":{"id":"5813ef4f-3fe4-4953-9549-3a3c00bf48a9","displayName":"Office 365 Groups","iconUri":"https://connectoricons-prod.azureedge.net/u/juanq/releases/v1.0.1609-localization/1.0.1609.3085/office365groups/icon.png","dataSources":["Office365Groups"],"dependencies":[],"dependents":[],"parameterHints":{},"parameterHintsV2":{},"isOnPremiseConnection":false,"bypassConsent":false,"dataSets":{},"apiTier":"Standard","isCustomApiConnection":false,"actions":["HttpRequest"]},"ef708ad0-351e-4fa0-8db2-081ed3924658":{"id":"b3cc3c45-4a23-4897-8703-ab1effd09cef","displayName":"SharePoint","iconUri":"https://connectoricons-prod.azureedge.net/u/juanq/gateway/greyhound/3000.150.11/1.0.1613.3116/sharepointonline/icon.png","dataSources":["UploadUsingGraph"],"dependencies":[],"dependents":[],"parameterHints":{},"parameterHintsV2":{},"isOnPremiseConnection":false,"bypassConsent":false,"dataSets":{"https://avinz.sharepoint.com/sites/product_return_database":{"dataSources":{"UploadUsingGraph":{"tableName":"b5fe124c-14a3-475e-bf4e-e3a25be2aba0"}}}},"apiTier":"Standard","isCustomApiConnection":false,"actions":["providers/PowerPlatform.Governance/Operations/Read"]}},"databaseReferences":{},"almMode":"Environment","performanceOptimizationEnabled":true,"canConsumeAppPass":true,"enableModernRuntimeMode":false,"executionRestrictions":{"isTeamsOnly":false,"dataLossPreventionEvaluationResult":{"status":"Compliant","lastEvaluationDate":"2023-01-18T18:50:43.1432541Z","violations":[],"violationsByPolicy":[],"violationErrorMessage":"The app uses the following connectors: shared_office365groups."}}},"appType":"ClassicCanvasApp","appComponents":[]}}